"","filename","rng_seed","species_initiation_rate_good_species","species_initiation_rate_incipient_species","speciation_completion_rate","extinction_rate_good_species","extinction_rate_incipient_species","age","n_species_trees_samples","mutation_rate","n_alignments","sequence_length","mcmc_chainlength","n_beast_runs","version"
"1","article_0_0_0_0_0.RDa","1","0.1","0.1","0.1","0","0","15","2","0.1","2","1000","1e+06","2","0.1"
"2","article_0_0_0_0_1.RDa","1","0.1","0.1","0.1","0","0","15","2","0.1","2","10000","1e+06","2","0.1"
"3","article_0_0_0_0_2.RDa","1","0.1","0.1","0.1","0","0","15","2","0.1","2","1e+05","1e+06","2","0.1"
"4","article_0_0_0_1_0.RDa","1","0.1","0.1","0.1","0","0","15","2","0.01","2","1000","1e+06","2","0.1"
"5","article_0_0_0_1_1.RDa","1","0.1","0.1","0.1","0","0","15","2","0.01","2","10000","1e+06","2","0.1"
"6","article_0_0_0_1_2.RDa","1","0.1","0.1","0.1","0","0","15","2","0.01","2","1e+05","1e+06","2","0.1"
"7","article_0_0_0_2_0.RDa","1","0.1","0.1","0.1","0","0","15","2","0.001","2","1000","1e+06","2","0.1"
"8","article_0_0_0_2_1.RDa","1","0.1","0.1","0.1","0","0","15","2","0.001","2","10000","1e+06","2","0.1"
"9","article_0_0_0_2_2.RDa","1","0.1","0.1","0.1","0","0","15","2","0.001","2","1e+05","1e+06","2","0.1"
"10","article_0_0_1_0_0.RDa","1","0.1","0.1","0.1","0.1","0.1","15","2","0.1","2","1000","1e+06","2","0.1"
"11","article_0_0_1_0_1.RDa","1","0.1","0.1","0.1","0.1","0.1","15","2","0.1","2","10000","1e+06","2","0.1"
"12","article_0_0_1_0_2.RDa","1","0.1","0.1","0.1","0.1","0.1","15","2","0.1","2","1e+05","1e+06","2","0.1"
"13","article_0_0_1_1_0.RDa","1","0.1","0.1","0.1","0.1","0.1","15","2","0.01","2","1000","1e+06","2","0.1"
"14","article_0_0_1_1_1.RDa","1","0.1","0.1","0.1","0.1","0.1","15","2","0.01","2","10000","1e+06","2","0.1"
"15","article_0_0_1_1_2.RDa","1","0.1","0.1","0.1","0.1","0.1","15","2","0.01","2","1e+05","1e+06","2","0.1"
"16","article_0_0_1_2_0.RDa","1","0.1","0.1","0.1","0.1","0.1","15","2","0.001","2","1000","1e+06","2","0.1"
"17","article_0_0_1_2_1.RDa","1","0.1","0.1","0.1","0.1","0.1","15","2","0.001","2","10000","1e+06","2","0.1"
"18","article_0_0_1_2_2.RDa","1","0.1","0.1","0.1","0.1","0.1","15","2","0.001","2","1e+05","1e+06","2","0.1"
"19","article_0_0_2_0_0.RDa","1","0.1","0.1","0.1","0.2","0.2","15","2","0.1","2","1000","1e+06","2","0.1"
"20","article_0_0_2_0_1.RDa","1","0.1","0.1","0.1","0.2","0.2","15","2","0.1","2","10000","1e+06","2","0.1"
"21","article_0_0_2_0_2.RDa","1","0.1","0.1","0.1","0.2","0.2","15","2","0.1","2","1e+05","1e+06","2","0.1"
"22","article_0_0_2_1_0.RDa","1","0.1","0.1","0.1","0.2","0.2","15","2","0.01","2","1000","1e+06","2","0.1"
"23","article_0_0_2_1_1.RDa","1","0.1","0.1","0.1","0.2","0.2","15","2","0.01","2","10000","1e+06","2","0.1"
"24","article_0_0_2_1_2.RDa","1","0.1","0.1","0.1","0.2","0.2","15","2","0.01","2","1e+05","1e+06","2","0.1"
"25","article_0_0_2_2_0.RDa","1","0.1","0.1","0.1","0.2","0.2","15","2","0.001","2","1000","1e+06","2","0.1"
"26","article_0_0_2_2_1.RDa","1","0.1","0.1","0.1","0.2","0.2","15","2","0.001","2","10000","1e+06","2","0.1"
"27","article_0_0_2_2_2.RDa","1","0.1","0.1","0.1","0.2","0.2","15","2","0.001","2","1e+05","1e+06","2","0.1"
"28","article_0_0_3_0_0.RDa","1","0.1","0.1","0.1","0.4","0.4","15","2","0.1","2","1000","1e+06","2","0.1"
"29","article_0_0_3_0_1.RDa","1","0.1","0.1","0.1","0.4","0.4","15","2","0.1","2","10000","1e+06","2","0.1"
"30","article_0_0_3_0_2.RDa","1","0.1","0.1","0.1","0.4","0.4","15","2","0.1","2","1e+05","1e+06","2","0.1"
"31","article_0_0_3_1_0.RDa","1","0.1","0.1","0.1","0.4","0.4","15","2","0.01","2","1000","1e+06","2","0.1"
"32","article_0_0_3_1_1.RDa","1","0.1","0.1","0.1","0.4","0.4","15","2","0.01","2","10000","1e+06","2","0.1"
"33","article_0_0_3_1_2.RDa","1","0.1","0.1","0.1","0.4","0.4","15","2","0.01","2","1e+05","1e+06","2","0.1"
"34","article_0_0_3_2_0.RDa","1","0.1","0.1","0.1","0.4","0.4","15","2","0.001","2","1000","1e+06","2","0.1"
"35","article_0_0_3_2_1.RDa","1","0.1","0.1","0.1","0.4","0.4","15","2","0.001","2","10000","1e+06","2","0.1"
"36","article_0_0_3_2_2.RDa","1","0.1","0.1","0.1","0.4","0.4","15","2","0.001","2","1e+05","1e+06","2","0.1"
"37","article_0_1_0_0_0.RDa","1","0.1","0.1","0.3","0","0","15","2","0.1","2","1000","1e+06","2","0.1"
"38","article_0_1_0_0_1.RDa","1","0.1","0.1","0.3","0","0","15","2","0.1","2","10000","1e+06","2","0.1"
"39","article_0_1_0_0_2.RDa","1","0.1","0.1","0.3","0","0","15","2","0.1","2","1e+05","1e+06","2","0.1"
"40","article_0_1_0_1_0.RDa","1","0.1","0.1","0.3","0","0","15","2","0.01","2","1000","1e+06","2","0.1"
"41","article_0_1_0_1_1.RDa","1","0.1","0.1","0.3","0","0","15","2","0.01","2","10000","1e+06","2","0.1"
"42","article_0_1_0_1_2.RDa","1","0.1","0.1","0.3","0","0","15","2","0.01","2","1e+05","1e+06","2","0.1"
"43","article_0_1_0_2_0.RDa","1","0.1","0.1","0.3","0","0","15","2","0.001","2","1000","1e+06","2","0.1"
"44","article_0_1_0_2_1.RDa","1","0.1","0.1","0.3","0","0","15","2","0.001","2","10000","1e+06","2","0.1"
"45","article_0_1_0_2_2.RDa","1","0.1","0.1","0.3","0","0","15","2","0.001","2","1e+05","1e+06","2","0.1"
"46","article_0_1_1_0_0.RDa","1","0.1","0.1","0.3","0.1","0.1","15","2","0.1","2","1000","1e+06","2","0.1"
"47","article_0_1_1_0_1.RDa","1","0.1","0.1","0.3","0.1","0.1","15","2","0.1","2","10000","1e+06","2","0.1"
"48","article_0_1_1_0_2.RDa","1","0.1","0.1","0.3","0.1","0.1","15","2","0.1","2","1e+05","1e+06","2","0.1"
"49","article_0_1_1_1_0.RDa","1","0.1","0.1","0.3","0.1","0.1","15","2","0.01","2","1000","1e+06","2","0.1"
"50","article_0_1_1_1_1.RDa","1","0.1","0.1","0.3","0.1","0.1","15","2","0.01","2","10000","1e+06","2","0.1"
"51","article_0_1_1_1_2.RDa","1","0.1","0.1","0.3","0.1","0.1","15","2","0.01","2","1e+05","1e+06","2","0.1"
"52","article_0_1_1_2_0.RDa","1","0.1","0.1","0.3","0.1","0.1","15","2","0.001","2","1000","1e+06","2","0.1"
"53","article_0_1_1_2_1.RDa","1","0.1","0.1","0.3","0.1","0.1","15","2","0.001","2","10000","1e+06","2","0.1"
"54","article_0_1_1_2_2.RDa","1","0.1","0.1","0.3","0.1","0.1","15","2","0.001","2","1e+05","1e+06","2","0.1"
"55","article_0_1_2_0_0.RDa","1","0.1","0.1","0.3","0.2","0.2","15","2","0.1","2","1000","1e+06","2","0.1"
"56","article_0_1_2_0_1.RDa","1","0.1","0.1","0.3","0.2","0.2","15","2","0.1","2","10000","1e+06","2","0.1"
"57","article_0_1_2_0_2.RDa","1","0.1","0.1","0.3","0.2","0.2","15","2","0.1","2","1e+05","1e+06","2","0.1"
"58","article_0_1_2_1_0.RDa","1","0.1","0.1","0.3","0.2","0.2","15","2","0.01","2","1000","1e+06","2","0.1"
"59","article_0_1_2_1_1.RDa","1","0.1","0.1","0.3","0.2","0.2","15","2","0.01","2","10000","1e+06","2","0.1"
"60","article_0_1_2_1_2.RDa","1","0.1","0.1","0.3","0.2","0.2","15","2","0.01","2","1e+05","1e+06","2","0.1"
"61","article_0_1_2_2_0.RDa","1","0.1","0.1","0.3","0.2","0.2","15","2","0.001","2","1000","1e+06","2","0.1"
"62","article_0_1_2_2_1.RDa","1","0.1","0.1","0.3","0.2","0.2","15","2","0.001","2","10000","1e+06","2","0.1"
"63","article_0_1_2_2_2.RDa","1","0.1","0.1","0.3","0.2","0.2","15","2","0.001","2","1e+05","1e+06","2","0.1"
"64","article_0_1_3_0_0.RDa","1","0.1","0.1","0.3","0.4","0.4","15","2","0.1","2","1000","1e+06","2","0.1"
"65","article_0_1_3_0_1.RDa","1","0.1","0.1","0.3","0.4","0.4","15","2","0.1","2","10000","1e+06","2","0.1"
"66","article_0_1_3_0_2.RDa","1","0.1","0.1","0.3","0.4","0.4","15","2","0.1","2","1e+05","1e+06","2","0.1"
"67","article_0_1_3_1_0.RDa","1","0.1","0.1","0.3","0.4","0.4","15","2","0.01","2","1000","1e+06","2","0.1"
"68","article_0_1_3_1_1.RDa","1","0.1","0.1","0.3","0.4","0.4","15","2","0.01","2","10000","1e+06","2","0.1"
"69","article_0_1_3_1_2.RDa","1","0.1","0.1","0.3","0.4","0.4","15","2","0.01","2","1e+05","1e+06","2","0.1"
"70","article_0_1_3_2_0.RDa","1","0.1","0.1","0.3","0.4","0.4","15","2","0.001","2","1000","1e+06","2","0.1"
"71","article_0_1_3_2_1.RDa","1","0.1","0.1","0.3","0.4","0.4","15","2","0.001","2","10000","1e+06","2","0.1"
"72","article_0_1_3_2_2.RDa","1","0.1","0.1","0.3","0.4","0.4","15","2","0.001","2","1e+05","1e+06","2","0.1"
"73","article_0_2_0_0_0.RDa","1","0.1","0.1","1","0","0","15","2","0.1","2","1000","1e+06","2","0.1"
"74","article_0_2_0_0_1.RDa","1","0.1","0.1","1","0","0","15","2","0.1","2","10000","1e+06","2","0.1"
"75","article_0_2_0_0_2.RDa","1","0.1","0.1","1","0","0","15","2","0.1","2","1e+05","1e+06","2","0.1"
"76","article_0_2_0_1_0.RDa","1","0.1","0.1","1","0","0","15","2","0.01","2","1000","1e+06","2","0.1"
"77","article_0_2_0_1_1.RDa","1","0.1","0.1","1","0","0","15","2","0.01","2","10000","1e+06","2","0.1"
"78","article_0_2_0_1_2.RDa","1","0.1","0.1","1","0","0","15","2","0.01","2","1e+05","1e+06","2","0.1"
"79","article_0_2_0_2_0.RDa","1","0.1","0.1","1","0","0","15","2","0.001","2","1000","1e+06","2","0.1"
"80","article_0_2_0_2_1.RDa","1","0.1","0.1","1","0","0","15","2","0.001","2","10000","1e+06","2","0.1"
"81","article_0_2_0_2_2.RDa","1","0.1","0.1","1","0","0","15","2","0.001","2","1e+05","1e+06","2","0.1"
"82","article_0_2_1_0_0.RDa","1","0.1","0.1","1","0.1","0.1","15","2","0.1","2","1000","1e+06","2","0.1"
"83","article_0_2_1_0_1.RDa","1","0.1","0.1","1","0.1","0.1","15","2","0.1","2","10000","1e+06","2","0.1"
"84","article_0_2_1_0_2.RDa","1","0.1","0.1","1","0.1","0.1","15","2","0.1","2","1e+05","1e+06","2","0.1"
"85","article_0_2_1_1_0.RDa","1","0.1","0.1","1","0.1","0.1","15","2","0.01","2","1000","1e+06","2","0.1"
"86","article_0_2_1_1_1.RDa","1","0.1","0.1","1","0.1","0.1","15","2","0.01","2","10000","1e+06","2","0.1"
"87","article_0_2_1_1_2.RDa","1","0.1","0.1","1","0.1","0.1","15","2","0.01","2","1e+05","1e+06","2","0.1"
"88","article_0_2_1_2_0.RDa","1","0.1","0.1","1","0.1","0.1","15","2","0.001","2","1000","1e+06","2","0.1"
"89","article_0_2_1_2_1.RDa","1","0.1","0.1","1","0.1","0.1","15","2","0.001","2","10000","1e+06","2","0.1"
"90","article_0_2_1_2_2.RDa","1","0.1","0.1","1","0.1","0.1","15","2","0.001","2","1e+05","1e+06","2","0.1"
"91","article_0_2_2_0_0.RDa","1","0.1","0.1","1","0.2","0.2","15","2","0.1","2","1000","1e+06","2","0.1"
"92","article_0_2_2_0_1.RDa","1","0.1","0.1","1","0.2","0.2","15","2","0.1","2","10000","1e+06","2","0.1"
"93","article_0_2_2_0_2.RDa","1","0.1","0.1","1","0.2","0.2","15","2","0.1","2","1e+05","1e+06","2","0.1"
"94","article_0_2_2_1_0.RDa","1","0.1","0.1","1","0.2","0.2","15","2","0.01","2","1000","1e+06","2","0.1"
"95","article_0_2_2_1_1.RDa","1","0.1","0.1","1","0.2","0.2","15","2","0.01","2","10000","1e+06","2","0.1"
"96","article_0_2_2_1_2.RDa","1","0.1","0.1","1","0.2","0.2","15","2","0.01","2","1e+05","1e+06","2","0.1"
"97","article_0_2_2_2_0.RDa","1","0.1","0.1","1","0.2","0.2","15","2","0.001","2","1000","1e+06","2","0.1"
"98","article_0_2_2_2_1.RDa","1","0.1","0.1","1","0.2","0.2","15","2","0.001","2","10000","1e+06","2","0.1"
"99","article_0_2_2_2_2.RDa","1","0.1","0.1","1","0.2","0.2","15","2","0.001","2","1e+05","1e+06","2","0.1"
"100","article_0_2_3_0_0.RDa","1","0.1","0.1","1","0.4","0.4","15","2","0.1","2","1000","1e+06","2","0.1"
"101","article_0_2_3_0_1.RDa","1","0.1","0.1","1","0.4","0.4","15","2","0.1","2","10000","1e+06","2","0.1"
"102","article_0_2_3_0_2.RDa","1","0.1","0.1","1","0.4","0.4","15","2","0.1","2","1e+05","1e+06","2","0.1"
"103","article_0_2_3_1_0.RDa","1","0.1","0.1","1","0.4","0.4","15","2","0.01","2","1000","1e+06","2","0.1"
"104","article_0_2_3_1_1.RDa","1","0.1","0.1","1","0.4","0.4","15","2","0.01","2","10000","1e+06","2","0.1"
"105","article_0_2_3_1_2.RDa","1","0.1","0.1","1","0.4","0.4","15","2","0.01","2","1e+05","1e+06","2","0.1"
"106","article_0_2_3_2_0.RDa","1","0.1","0.1","1","0.4","0.4","15","2","0.001","2","1000","1e+06","2","0.1"
"107","article_0_2_3_2_1.RDa","1","0.1","0.1","1","0.4","0.4","15","2","0.001","2","10000","1e+06","2","0.1"
"108","article_0_2_3_2_2.RDa","1","0.1","0.1","1","0.4","0.4","15","2","0.001","2","1e+05","1e+06","2","0.1"
"109","article_0_3_0_0_0.RDa","1","0.1","0.1","1e+06","0","0","15","2","0.1","2","1000","1e+06","2","0.1"
"110","article_0_3_0_0_1.RDa","1","0.1","0.1","1e+06","0","0","15","2","0.1","2","10000","1e+06","2","0.1"
"111","article_0_3_0_0_2.RDa","1","0.1","0.1","1e+06","0","0","15","2","0.1","2","1e+05","1e+06","2","0.1"
"112","article_0_3_0_1_0.RDa","1","0.1","0.1","1e+06","0","0","15","2","0.01","2","1000","1e+06","2","0.1"
"113","article_0_3_0_1_1.RDa","1","0.1","0.1","1e+06","0","0","15","2","0.01","2","10000","1e+06","2","0.1"
"114","article_0_3_0_1_2.RDa","1","0.1","0.1","1e+06","0","0","15","2","0.01","2","1e+05","1e+06","2","0.1"
"115","article_0_3_0_2_0.RDa","1","0.1","0.1","1e+06","0","0","15","2","0.001","2","1000","1e+06","2","0.1"
"116","article_0_3_0_2_1.RDa","1","0.1","0.1","1e+06","0","0","15","2","0.001","2","10000","1e+06","2","0.1"
"117","article_0_3_0_2_2.RDa","1","0.1","0.1","1e+06","0","0","15","2","0.001","2","1e+05","1e+06","2","0.1"
"118","article_0_3_1_0_0.RDa","1","0.1","0.1","1e+06","0.1","0.1","15","2","0.1","2","1000","1e+06","2","0.1"
"119","article_0_3_1_0_1.RDa","1","0.1","0.1","1e+06","0.1","0.1","15","2","0.1","2","10000","1e+06","2","0.1"
"120","article_0_3_1_0_2.RDa","1","0.1","0.1","1e+06","0.1","0.1","15","2","0.1","2","1e+05","1e+06","2","0.1"
"121","article_0_3_1_1_0.RDa","1","0.1","0.1","1e+06","0.1","0.1","15","2","0.01","2","1000","1e+06","2","0.1"
"122","article_0_3_1_1_1.RDa","1","0.1","0.1","1e+06","0.1","0.1","15","2","0.01","2","10000","1e+06","2","0.1"
"123","article_0_3_1_1_2.RDa","1","0.1","0.1","1e+06","0.1","0.1","15","2","0.01","2","1e+05","1e+06","2","0.1"
"124","article_0_3_1_2_0.RDa","1","0.1","0.1","1e+06","0.1","0.1","15","2","0.001","2","1000","1e+06","2","0.1"
"125","article_0_3_1_2_1.RDa","1","0.1","0.1","1e+06","0.1","0.1","15","2","0.001","2","10000","1e+06","2","0.1"
"126","article_0_3_1_2_2.RDa","1","0.1","0.1","1e+06","0.1","0.1","15","2","0.001","2","1e+05","1e+06","2","0.1"
"127","article_0_3_2_0_0.RDa","1","0.1","0.1","1e+06","0.2","0.2","15","2","0.1","2","1000","1e+06","2","0.1"
"128","article_0_3_2_0_1.RDa","1","0.1","0.1","1e+06","0.2","0.2","15","2","0.1","2","10000","1e+06","2","0.1"
"129","article_0_3_2_0_2.RDa","1","0.1","0.1","1e+06","0.2","0.2","15","2","0.1","2","1e+05","1e+06","2","0.1"
"130","article_0_3_2_1_0.RDa","1","0.1","0.1","1e+06","0.2","0.2","15","2","0.01","2","1000","1e+06","2","0.1"
"131","article_0_3_2_1_1.RDa","1","0.1","0.1","1e+06","0.2","0.2","15","2","0.01","2","10000","1e+06","2","0.1"
"132","article_0_3_2_1_2.RDa","1","0.1","0.1","1e+06","0.2","0.2","15","2","0.01","2","1e+05","1e+06","2","0.1"
"133","article_0_3_2_2_0.RDa","1","0.1","0.1","1e+06","0.2","0.2","15","2","0.001","2","1000","1e+06","2","0.1"
"134","article_0_3_2_2_1.RDa","1","0.1","0.1","1e+06","0.2","0.2","15","2","0.001","2","10000","1e+06","2","0.1"
"135","article_0_3_2_2_2.RDa","1","0.1","0.1","1e+06","0.2","0.2","15","2","0.001","2","1e+05","1e+06","2","0.1"
"136","article_0_3_3_0_0.RDa","1","0.1","0.1","1e+06","0.4","0.4","15","2","0.1","2","1000","1e+06","2","0.1"
"137","article_0_3_3_0_1.RDa","1","0.1","0.1","1e+06","0.4","0.4","15","2","0.1","2","10000","1e+06","2","0.1"
"138","article_0_3_3_0_2.RDa","1","0.1","0.1","1e+06","0.4","0.4","15","2","0.1","2","1e+05","1e+06","2","0.1"
"139","article_0_3_3_1_0.RDa","1","0.1","0.1","1e+06","0.4","0.4","15","2","0.01","2","1000","1e+06","2","0.1"
"140","article_0_3_3_1_1.RDa","1","0.1","0.1","1e+06","0.4","0.4","15","2","0.01","2","10000","1e+06","2","0.1"
"141","article_0_3_3_1_2.RDa","1","0.1","0.1","1e+06","0.4","0.4","15","2","0.01","2","1e+05","1e+06","2","0.1"
"142","article_0_3_3_2_0.RDa","1","0.1","0.1","1e+06","0.4","0.4","15","2","0.001","2","1000","1e+06","2","0.1"
"143","article_0_3_3_2_1.RDa","1","0.1","0.1","1e+06","0.4","0.4","15","2","0.001","2","10000","1e+06","2","0.1"
"144","article_0_3_3_2_2.RDa","1","0.1","0.1","1e+06","0.4","0.4","15","2","0.001","2","1e+05","1e+06","2","0.1"
"145","article_1_0_0_0_0.RDa","1","0.5","0.5","0.1","0","0","15","2","0.1","2","1000","1e+06","2","0.1"
"146","article_1_0_0_0_1.RDa","1","0.5","0.5","0.1","0","0","15","2","0.1","2","10000","1e+06","2","0.1"
"147","article_1_0_0_0_2.RDa","1","0.5","0.5","0.1","0","0","15","2","0.1","2","1e+05","1e+06","2","0.1"
"148","article_1_0_0_1_0.RDa","1","0.5","0.5","0.1","0","0","15","2","0.01","2","1000","1e+06","2","0.1"
"149","article_1_0_0_1_1.RDa","1","0.5","0.5","0.1","0","0","15","2","0.01","2","10000","1e+06","2","0.1"
"150","article_1_0_0_1_2.RDa","1","0.5","0.5","0.1","0","0","15","2","0.01","2","1e+05","1e+06","2","0.1"
"151","article_1_0_0_2_0.RDa","1","0.5","0.5","0.1","0","0","15","2","0.001","2","1000","1e+06","2","0.1"
"152","article_1_0_0_2_1.RDa","1","0.5","0.5","0.1","0","0","15","2","0.001","2","10000","1e+06","2","0.1"
"153","article_1_0_0_2_2.RDa","1","0.5","0.5","0.1","0","0","15","2","0.001","2","1e+05","1e+06","2","0.1"
"154","article_1_0_1_0_0.RDa","1","0.5","0.5","0.1","0.1","0.1","15","2","0.1","2","1000","1e+06","2","0.1"
"155","article_1_0_1_0_1.RDa","1","0.5","0.5","0.1","0.1","0.1","15","2","0.1","2","10000","1e+06","2","0.1"
"156","article_1_0_1_0_2.RDa","1","0.5","0.5","0.1","0.1","0.1","15","2","0.1","2","1e+05","1e+06","2","0.1"
"157","article_1_0_1_1_0.RDa","1","0.5","0.5","0.1","0.1","0.1","15","2","0.01","2","1000","1e+06","2","0.1"
"158","article_1_0_1_1_1.RDa","1","0.5","0.5","0.1","0.1","0.1","15","2","0.01","2","10000","1e+06","2","0.1"
"159","article_1_0_1_1_2.RDa","1","0.5","0.5","0.1","0.1","0.1","15","2","0.01","2","1e+05","1e+06","2","0.1"
"160","article_1_0_1_2_0.RDa","1","0.5","0.5","0.1","0.1","0.1","15","2","0.001","2","1000","1e+06","2","0.1"
"161","article_1_0_1_2_1.RDa","1","0.5","0.5","0.1","0.1","0.1","15","2","0.001","2","10000","1e+06","2","0.1"
"162","article_1_0_1_2_2.RDa","1","0.5","0.5","0.1","0.1","0.1","15","2","0.001","2","1e+05","1e+06","2","0.1"
"163","article_1_0_2_0_0.RDa","1","0.5","0.5","0.1","0.2","0.2","15","2","0.1","2","1000","1e+06","2","0.1"
"164","article_1_0_2_0_1.RDa","1","0.5","0.5","0.1","0.2","0.2","15","2","0.1","2","10000","1e+06","2","0.1"
"165","article_1_0_2_0_2.RDa","1","0.5","0.5","0.1","0.2","0.2","15","2","0.1","2","1e+05","1e+06","2","0.1"
"166","article_1_0_2_1_0.RDa","1","0.5","0.5","0.1","0.2","0.2","15","2","0.01","2","1000","1e+06","2","0.1"
"167","article_1_0_2_1_1.RDa","1","0.5","0.5","0.1","0.2","0.2","15","2","0.01","2","10000","1e+06","2","0.1"
"168","article_1_0_2_1_2.RDa","1","0.5","0.5","0.1","0.2","0.2","15","2","0.01","2","1e+05","1e+06","2","0.1"
"169","article_1_0_2_2_0.RDa","1","0.5","0.5","0.1","0.2","0.2","15","2","0.001","2","1000","1e+06","2","0.1"
"170","article_1_0_2_2_1.RDa","1","0.5","0.5","0.1","0.2","0.2","15","2","0.001","2","10000","1e+06","2","0.1"
"171","article_1_0_2_2_2.RDa","1","0.5","0.5","0.1","0.2","0.2","15","2","0.001","2","1e+05","1e+06","2","0.1"
"172","article_1_0_3_0_0.RDa","1","0.5","0.5","0.1","0.4","0.4","15","2","0.1","2","1000","1e+06","2","0.1"
"173","article_1_0_3_0_1.RDa","1","0.5","0.5","0.1","0.4","0.4","15","2","0.1","2","10000","1e+06","2","0.1"
"174","article_1_0_3_0_2.RDa","1","0.5","0.5","0.1","0.4","0.4","15","2","0.1","2","1e+05","1e+06","2","0.1"
"175","article_1_0_3_1_0.RDa","1","0.5","0.5","0.1","0.4","0.4","15","2","0.01","2","1000","1e+06","2","0.1"
"176","article_1_0_3_1_1.RDa","1","0.5","0.5","0.1","0.4","0.4","15","2","0.01","2","10000","1e+06","2","0.1"
"177","article_1_0_3_1_2.RDa","1","0.5","0.5","0.1","0.4","0.4","15","2","0.01","2","1e+05","1e+06","2","0.1"
"178","article_1_0_3_2_0.RDa","1","0.5","0.5","0.1","0.4","0.4","15","2","0.001","2","1000","1e+06","2","0.1"
"179","article_1_0_3_2_1.RDa","1","0.5","0.5","0.1","0.4","0.4","15","2","0.001","2","10000","1e+06","2","0.1"
"180","article_1_0_3_2_2.RDa","1","0.5","0.5","0.1","0.4","0.4","15","2","0.001","2","1e+05","1e+06","2","0.1"
"181","article_1_1_0_0_0.RDa","1","0.5","0.5","0.3","0","0","15","2","0.1","2","1000","1e+06","2","0.1"
"182","article_1_1_0_0_1.RDa","1","0.5","0.5","0.3","0","0","15","2","0.1","2","10000","1e+06","2","0.1"
"183","article_1_1_0_0_2.RDa","1","0.5","0.5","0.3","0","0","15","2","0.1","2","1e+05","1e+06","2","0.1"
"184","article_1_1_0_1_0.RDa","1","0.5","0.5","0.3","0","0","15","2","0.01","2","1000","1e+06","2","0.1"
"185","article_1_1_0_1_1.RDa","1","0.5","0.5","0.3","0","0","15","2","0.01","2","10000","1e+06","2","0.1"
"186","article_1_1_0_1_2.RDa","1","0.5","0.5","0.3","0","0","15","2","0.01","2","1e+05","1e+06","2","0.1"
"187","article_1_1_0_2_0.RDa","1","0.5","0.5","0.3","0","0","15","2","0.001","2","1000","1e+06","2","0.1"
"188","article_1_1_0_2_1.RDa","1","0.5","0.5","0.3","0","0","15","2","0.001","2","10000","1e+06","2","0.1"
"189","article_1_1_0_2_2.RDa","1","0.5","0.5","0.3","0","0","15","2","0.001","2","1e+05","1e+06","2","0.1"
"190","article_1_1_1_0_0.RDa","1","0.5","0.5","0.3","0.1","0.1","15","2","0.1","2","1000","1e+06","2","0.1"
"191","article_1_1_1_0_1.RDa","1","0.5","0.5","0.3","0.1","0.1","15","2","0.1","2","10000","1e+06","2","0.1"
"192","article_1_1_1_0_2.RDa","1","0.5","0.5","0.3","0.1","0.1","15","2","0.1","2","1e+05","1e+06","2","0.1"
"193","article_1_1_1_1_0.RDa","1","0.5","0.5","0.3","0.1","0.1","15","2","0.01","2","1000","1e+06","2","0.1"
"194","article_1_1_1_1_1.RDa","1","0.5","0.5","0.3","0.1","0.1","15","2","0.01","2","10000","1e+06","2","0.1"
"195","article_1_1_1_1_2.RDa","1","0.5","0.5","0.3","0.1","0.1","15","2","0.01","2","1e+05","1e+06","2","0.1"
"196","article_1_1_1_2_0.RDa","1","0.5","0.5","0.3","0.1","0.1","15","2","0.001","2","1000","1e+06","2","0.1"
"197","article_1_1_1_2_1.RDa","1","0.5","0.5","0.3","0.1","0.1","15","2","0.001","2","10000","1e+06","2","0.1"
"198","article_1_1_1_2_2.RDa","1","0.5","0.5","0.3","0.1","0.1","15","2","0.001","2","1e+05","1e+06","2","0.1"
"199","article_1_1_2_0_0.RDa","1","0.5","0.5","0.3","0.2","0.2","15","2","0.1","2","1000","1e+06","2","0.1"
"200","article_1_1_2_0_1.RDa","1","0.5","0.5","0.3","0.2","0.2","15","2","0.1","2","10000","1e+06","2","0.1"
"201","article_1_1_2_0_2.RDa","1","0.5","0.5","0.3","0.2","0.2","15","2","0.1","2","1e+05","1e+06","2","0.1"
"202","article_1_1_2_1_0.RDa","1","0.5","0.5","0.3","0.2","0.2","15","2","0.01","2","1000","1e+06","2","0.1"
"203","article_1_1_2_1_1.RDa","1","0.5","0.5","0.3","0.2","0.2","15","2","0.01","2","10000","1e+06","2","0.1"
"204","article_1_1_2_1_2.RDa","1","0.5","0.5","0.3","0.2","0.2","15","2","0.01","2","1e+05","1e+06","2","0.1"
"205","article_1_1_2_2_0.RDa","1","0.5","0.5","0.3","0.2","0.2","15","2","0.001","2","1000","1e+06","2","0.1"
"206","article_1_1_2_2_1.RDa","1","0.5","0.5","0.3","0.2","0.2","15","2","0.001","2","10000","1e+06","2","0.1"
"207","article_1_1_2_2_2.RDa","1","0.5","0.5","0.3","0.2","0.2","15","2","0.001","2","1e+05","1e+06","2","0.1"
"208","article_1_1_3_0_0.RDa","1","0.5","0.5","0.3","0.4","0.4","15","2","0.1","2","1000","1e+06","2","0.1"
"209","article_1_1_3_0_1.RDa","1","0.5","0.5","0.3","0.4","0.4","15","2","0.1","2","10000","1e+06","2","0.1"
"210","article_1_1_3_0_2.RDa","1","0.5","0.5","0.3","0.4","0.4","15","2","0.1","2","1e+05","1e+06","2","0.1"
"211","article_1_1_3_1_0.RDa","1","0.5","0.5","0.3","0.4","0.4","15","2","0.01","2","1000","1e+06","2","0.1"
"212","article_1_1_3_1_1.RDa","1","0.5","0.5","0.3","0.4","0.4","15","2","0.01","2","10000","1e+06","2","0.1"
"213","article_1_1_3_1_2.RDa","1","0.5","0.5","0.3","0.4","0.4","15","2","0.01","2","1e+05","1e+06","2","0.1"
"214","article_1_1_3_2_0.RDa","1","0.5","0.5","0.3","0.4","0.4","15","2","0.001","2","1000","1e+06","2","0.1"
"215","article_1_1_3_2_1.RDa","1","0.5","0.5","0.3","0.4","0.4","15","2","0.001","2","10000","1e+06","2","0.1"
"216","article_1_1_3_2_2.RDa","1","0.5","0.5","0.3","0.4","0.4","15","2","0.001","2","1e+05","1e+06","2","0.1"
"217","article_1_2_0_0_0.RDa","1","0.5","0.5","1","0","0","15","2","0.1","2","1000","1e+06","2","0.1"
"218","article_1_2_0_0_1.RDa","1","0.5","0.5","1","0","0","15","2","0.1","2","10000","1e+06","2","0.1"
"219","article_1_2_0_0_2.RDa","1","0.5","0.5","1","0","0","15","2","0.1","2","1e+05","1e+06","2","0.1"
"220","article_1_2_0_1_0.RDa","1","0.5","0.5","1","0","0","15","2","0.01","2","1000","1e+06","2","0.1"
"221","article_1_2_0_1_1.RDa","1","0.5","0.5","1","0","0","15","2","0.01","2","10000","1e+06","2","0.1"
"222","article_1_2_0_1_2.RDa","1","0.5","0.5","1","0","0","15","2","0.01","2","1e+05","1e+06","2","0.1"
"223","article_1_2_0_2_0.RDa","1","0.5","0.5","1","0","0","15","2","0.001","2","1000","1e+06","2","0.1"
"224","article_1_2_0_2_1.RDa","1","0.5","0.5","1","0","0","15","2","0.001","2","10000","1e+06","2","0.1"
"225","article_1_2_0_2_2.RDa","1","0.5","0.5","1","0","0","15","2","0.001","2","1e+05","1e+06","2","0.1"
"226","article_1_2_1_0_0.RDa","1","0.5","0.5","1","0.1","0.1","15","2","0.1","2","1000","1e+06","2","0.1"
"227","article_1_2_1_0_1.RDa","1","0.5","0.5","1","0.1","0.1","15","2","0.1","2","10000","1e+06","2","0.1"
"228","article_1_2_1_0_2.RDa","1","0.5","0.5","1","0.1","0.1","15","2","0.1","2","1e+05","1e+06","2","0.1"
"229","article_1_2_1_1_0.RDa","1","0.5","0.5","1","0.1","0.1","15","2","0.01","2","1000","1e+06","2","0.1"
"230","article_1_2_1_1_1.RDa","1","0.5","0.5","1","0.1","0.1","15","2","0.01","2","10000","1e+06","2","0.1"
"231","article_1_2_1_1_2.RDa","1","0.5","0.5","1","0.1","0.1","15","2","0.01","2","1e+05","1e+06","2","0.1"
"232","article_1_2_1_2_0.RDa","1","0.5","0.5","1","0.1","0.1","15","2","0.001","2","1000","1e+06","2","0.1"
"233","article_1_2_1_2_1.RDa","1","0.5","0.5","1","0.1","0.1","15","2","0.001","2","10000","1e+06","2","0.1"
"234","article_1_2_1_2_2.RDa","1","0.5","0.5","1","0.1","0.1","15","2","0.001","2","1e+05","1e+06","2","0.1"
"235","article_1_2_2_0_0.RDa","1","0.5","0.5","1","0.2","0.2","15","2","0.1","2","1000","1e+06","2","0.1"
"236","article_1_2_2_0_1.RDa","1","0.5","0.5","1","0.2","0.2","15","2","0.1","2","10000","1e+06","2","0.1"
"237","article_1_2_2_0_2.RDa","1","0.5","0.5","1","0.2","0.2","15","2","0.1","2","1e+05","1e+06","2","0.1"
"238","article_1_2_2_1_0.RDa","1","0.5","0.5","1","0.2","0.2","15","2","0.01","2","1000","1e+06","2","0.1"
"239","article_1_2_2_1_1.RDa","1","0.5","0.5","1","0.2","0.2","15","2","0.01","2","10000","1e+06","2","0.1"
"240","article_1_2_2_1_2.RDa","1","0.5","0.5","1","0.2","0.2","15","2","0.01","2","1e+05","1e+06","2","0.1"
"241","article_1_2_2_2_0.RDa","1","0.5","0.5","1","0.2","0.2","15","2","0.001","2","1000","1e+06","2","0.1"
"242","article_1_2_2_2_1.RDa","1","0.5","0.5","1","0.2","0.2","15","2","0.001","2","10000","1e+06","2","0.1"
"243","article_1_2_2_2_2.RDa","1","0.5","0.5","1","0.2","0.2","15","2","0.001","2","1e+05","1e+06","2","0.1"
"244","article_1_2_3_0_0.RDa","1","0.5","0.5","1","0.4","0.4","15","2","0.1","2","1000","1e+06","2","0.1"
"245","article_1_2_3_0_1.RDa","1","0.5","0.5","1","0.4","0.4","15","2","0.1","2","10000","1e+06","2","0.1"
"246","article_1_2_3_0_2.RDa","1","0.5","0.5","1","0.4","0.4","15","2","0.1","2","1e+05","1e+06","2","0.1"
"247","article_1_2_3_1_0.RDa","1","0.5","0.5","1","0.4","0.4","15","2","0.01","2","1000","1e+06","2","0.1"
"248","article_1_2_3_1_1.RDa","1","0.5","0.5","1","0.4","0.4","15","2","0.01","2","10000","1e+06","2","0.1"
"249","article_1_2_3_1_2.RDa","1","0.5","0.5","1","0.4","0.4","15","2","0.01","2","1e+05","1e+06","2","0.1"
"250","article_1_2_3_2_0.RDa","1","0.5","0.5","1","0.4","0.4","15","2","0.001","2","1000","1e+06","2","0.1"
"251","article_1_2_3_2_1.RDa","1","0.5","0.5","1","0.4","0.4","15","2","0.001","2","10000","1e+06","2","0.1"
"252","article_1_2_3_2_2.RDa","1","0.5","0.5","1","0.4","0.4","15","2","0.001","2","1e+05","1e+06","2","0.1"
"253","article_1_3_0_0_0.RDa","1","0.5","0.5","1e+06","0","0","15","2","0.1","2","1000","1e+06","2","0.1"
"254","article_1_3_0_0_1.RDa","1","0.5","0.5","1e+06","0","0","15","2","0.1","2","10000","1e+06","2","0.1"
"255","article_1_3_0_0_2.RDa","1","0.5","0.5","1e+06","0","0","15","2","0.1","2","1e+05","1e+06","2","0.1"
"256","article_1_3_0_1_0.RDa","1","0.5","0.5","1e+06","0","0","15","2","0.01","2","1000","1e+06","2","0.1"
"257","article_1_3_0_1_1.RDa","1","0.5","0.5","1e+06","0","0","15","2","0.01","2","10000","1e+06","2","0.1"
"258","article_1_3_0_1_2.RDa","1","0.5","0.5","1e+06","0","0","15","2","0.01","2","1e+05","1e+06","2","0.1"
"259","article_1_3_0_2_0.RDa","1","0.5","0.5","1e+06","0","0","15","2","0.001","2","1000","1e+06","2","0.1"
"260","article_1_3_0_2_1.RDa","1","0.5","0.5","1e+06","0","0","15","2","0.001","2","10000","1e+06","2","0.1"
"261","article_1_3_0_2_2.RDa","1","0.5","0.5","1e+06","0","0","15","2","0.001","2","1e+05","1e+06","2","0.1"
"262","article_1_3_1_0_0.RDa","1","0.5","0.5","1e+06","0.1","0.1","15","2","0.1","2","1000","1e+06","2","0.1"
"263","article_1_3_1_0_1.RDa","1","0.5","0.5","1e+06","0.1","0.1","15","2","0.1","2","10000","1e+06","2","0.1"
"264","article_1_3_1_0_2.RDa","1","0.5","0.5","1e+06","0.1","0.1","15","2","0.1","2","1e+05","1e+06","2","0.1"
"265","article_1_3_1_1_0.RDa","1","0.5","0.5","1e+06","0.1","0.1","15","2","0.01","2","1000","1e+06","2","0.1"
"266","article_1_3_1_1_1.RDa","1","0.5","0.5","1e+06","0.1","0.1","15","2","0.01","2","10000","1e+06","2","0.1"
"267","article_1_3_1_1_2.RDa","1","0.5","0.5","1e+06","0.1","0.1","15","2","0.01","2","1e+05","1e+06","2","0.1"
"268","article_1_3_1_2_0.RDa","1","0.5","0.5","1e+06","0.1","0.1","15","2","0.001","2","1000","1e+06","2","0.1"
"269","article_1_3_1_2_1.RDa","1","0.5","0.5","1e+06","0.1","0.1","15","2","0.001","2","10000","1e+06","2","0.1"
"270","article_1_3_1_2_2.RDa","1","0.5","0.5","1e+06","0.1","0.1","15","2","0.001","2","1e+05","1e+06","2","0.1"
"271","article_1_3_2_0_0.RDa","1","0.5","0.5","1e+06","0.2","0.2","15","2","0.1","2","1000","1e+06","2","0.1"
"272","article_1_3_2_0_1.RDa","1","0.5","0.5","1e+06","0.2","0.2","15","2","0.1","2","10000","1e+06","2","0.1"
"273","article_1_3_2_0_2.RDa","1","0.5","0.5","1e+06","0.2","0.2","15","2","0.1","2","1e+05","1e+06","2","0.1"
"274","article_1_3_2_1_0.RDa","1","0.5","0.5","1e+06","0.2","0.2","15","2","0.01","2","1000","1e+06","2","0.1"
"275","article_1_3_2_1_1.RDa","1","0.5","0.5","1e+06","0.2","0.2","15","2","0.01","2","10000","1e+06","2","0.1"
"276","article_1_3_2_1_2.RDa","1","0.5","0.5","1e+06","0.2","0.2","15","2","0.01","2","1e+05","1e+06","2","0.1"
"277","article_1_3_2_2_0.RDa","1","0.5","0.5","1e+06","0.2","0.2","15","2","0.001","2","1000","1e+06","2","0.1"
"278","article_1_3_2_2_1.RDa","1","0.5","0.5","1e+06","0.2","0.2","15","2","0.001","2","10000","1e+06","2","0.1"
"279","article_1_3_2_2_2.RDa","1","0.5","0.5","1e+06","0.2","0.2","15","2","0.001","2","1e+05","1e+06","2","0.1"
"280","article_1_3_3_0_0.RDa","1","0.5","0.5","1e+06","0.4","0.4","15","2","0.1","2","1000","1e+06","2","0.1"
"281","article_1_3_3_0_1.RDa","1","0.5","0.5","1e+06","0.4","0.4","15","2","0.1","2","10000","1e+06","2","0.1"
"282","article_1_3_3_0_2.RDa","1","0.5","0.5","1e+06","0.4","0.4","15","2","0.1","2","1e+05","1e+06","2","0.1"
"283","article_1_3_3_1_0.RDa","1","0.5","0.5","1e+06","0.4","0.4","15","2","0.01","2","1000","1e+06","2","0.1"
"284","article_1_3_3_1_1.RDa","1","0.5","0.5","1e+06","0.4","0.4","15","2","0.01","2","10000","1e+06","2","0.1"
"285","article_1_3_3_1_2.RDa","1","0.5","0.5","1e+06","0.4","0.4","15","2","0.01","2","1e+05","1e+06","2","0.1"
"286","article_1_3_3_2_0.RDa","1","0.5","0.5","1e+06","0.4","0.4","15","2","0.001","2","1000","1e+06","2","0.1"
"287","article_1_3_3_2_1.RDa","1","0.5","0.5","1e+06","0.4","0.4","15","2","0.001","2","10000","1e+06","2","0.1"
"288","article_1_3_3_2_2.RDa","1","0.5","0.5","1e+06","0.4","0.4","15","2","0.001","2","1e+05","1e+06","2","0.1"
"289","article_2_0_0_0_0.RDa","1","1","1","0.1","0","0","15","2","0.1","2","1000","1e+06","2","0.1"
"290","article_2_0_0_0_1.RDa","1","1","1","0.1","0","0","15","2","0.1","2","10000","1e+06","2","0.1"
"291","article_2_0_0_0_2.RDa","1","1","1","0.1","0","0","15","2","0.1","2","1e+05","1e+06","2","0.1"
"292","article_2_0_0_1_0.RDa","1","1","1","0.1","0","0","15","2","0.01","2","1000","1e+06","2","0.1"
"293","article_2_0_0_1_1.RDa","1","1","1","0.1","0","0","15","2","0.01","2","10000","1e+06","2","0.1"
"294","article_2_0_0_1_2.RDa","1","1","1","0.1","0","0","15","2","0.01","2","1e+05","1e+06","2","0.1"
"295","article_2_0_0_2_0.RDa","1","1","1","0.1","0","0","15","2","0.001","2","1000","1e+06","2","0.1"
"296","article_2_0_0_2_1.RDa","1","1","1","0.1","0","0","15","2","0.001","2","10000","1e+06","2","0.1"
"297","article_2_0_0_2_2.RDa","1","1","1","0.1","0","0","15","2","0.001","2","1e+05","1e+06","2","0.1"
"298","article_2_0_1_0_0.RDa","1","1","1","0.1","0.1","0.1","15","2","0.1","2","1000","1e+06","2","0.1"
"299","article_2_0_1_0_1.RDa","1","1","1","0.1","0.1","0.1","15","2","0.1","2","10000","1e+06","2","0.1"
"300","article_2_0_1_0_2.RDa","1","1","1","0.1","0.1","0.1","15","2","0.1","2","1e+05","1e+06","2","0.1"
"301","article_2_0_1_1_0.RDa","1","1","1","0.1","0.1","0.1","15","2","0.01","2","1000","1e+06","2","0.1"
"302","article_2_0_1_1_1.RDa","1","1","1","0.1","0.1","0.1","15","2","0.01","2","10000","1e+06","2","0.1"
"303","article_2_0_1_1_2.RDa","1","1","1","0.1","0.1","0.1","15","2","0.01","2","1e+05","1e+06","2","0.1"
"304","article_2_0_1_2_0.RDa","1","1","1","0.1","0.1","0.1","15","2","0.001","2","1000","1e+06","2","0.1"
"305","article_2_0_1_2_1.RDa","1","1","1","0.1","0.1","0.1","15","2","0.001","2","10000","1e+06","2","0.1"
"306","article_2_0_1_2_2.RDa","1","1","1","0.1","0.1","0.1","15","2","0.001","2","1e+05","1e+06","2","0.1"
"307","article_2_0_2_0_0.RDa","1","1","1","0.1","0.2","0.2","15","2","0.1","2","1000","1e+06","2","0.1"
"308","article_2_0_2_0_1.RDa","1","1","1","0.1","0.2","0.2","15","2","0.1","2","10000","1e+06","2","0.1"
"309","article_2_0_2_0_2.RDa","1","1","1","0.1","0.2","0.2","15","2","0.1","2","1e+05","1e+06","2","0.1"
"310","article_2_0_2_1_0.RDa","1","1","1","0.1","0.2","0.2","15","2","0.01","2","1000","1e+06","2","0.1"
"311","article_2_0_2_1_1.RDa","1","1","1","0.1","0.2","0.2","15","2","0.01","2","10000","1e+06","2","0.1"
"312","article_2_0_2_1_2.RDa","1","1","1","0.1","0.2","0.2","15","2","0.01","2","1e+05","1e+06","2","0.1"
"313","article_2_0_2_2_0.RDa","1","1","1","0.1","0.2","0.2","15","2","0.001","2","1000","1e+06","2","0.1"
"314","article_2_0_2_2_1.RDa","1","1","1","0.1","0.2","0.2","15","2","0.001","2","10000","1e+06","2","0.1"
"315","article_2_0_2_2_2.RDa","1","1","1","0.1","0.2","0.2","15","2","0.001","2","1e+05","1e+06","2","0.1"
"316","article_2_0_3_0_0.RDa","1","1","1","0.1","0.4","0.4","15","2","0.1","2","1000","1e+06","2","0.1"
"317","article_2_0_3_0_1.RDa","1","1","1","0.1","0.4","0.4","15","2","0.1","2","10000","1e+06","2","0.1"
"318","article_2_0_3_0_2.RDa","1","1","1","0.1","0.4","0.4","15","2","0.1","2","1e+05","1e+06","2","0.1"
"319","article_2_0_3_1_0.RDa","1","1","1","0.1","0.4","0.4","15","2","0.01","2","1000","1e+06","2","0.1"
"320","article_2_0_3_1_1.RDa","1","1","1","0.1","0.4","0.4","15","2","0.01","2","10000","1e+06","2","0.1"
"321","article_2_0_3_1_2.RDa","1","1","1","0.1","0.4","0.4","15","2","0.01","2","1e+05","1e+06","2","0.1"
"322","article_2_0_3_2_0.RDa","1","1","1","0.1","0.4","0.4","15","2","0.001","2","1000","1e+06","2","0.1"
"323","article_2_0_3_2_1.RDa","1","1","1","0.1","0.4","0.4","15","2","0.001","2","10000","1e+06","2","0.1"
"324","article_2_0_3_2_2.RDa","1","1","1","0.1","0.4","0.4","15","2","0.001","2","1e+05","1e+06","2","0.1"
"325","article_2_1_0_0_0.RDa","1","1","1","0.3","0","0","15","2","0.1","2","1000","1e+06","2","0.1"
"326","article_2_1_0_0_1.RDa","1","1","1","0.3","0","0","15","2","0.1","2","10000","1e+06","2","0.1"
"327","article_2_1_0_0_2.RDa","1","1","1","0.3","0","0","15","2","0.1","2","1e+05","1e+06","2","0.1"
"328","article_2_1_0_1_0.RDa","1","1","1","0.3","0","0","15","2","0.01","2","1000","1e+06","2","0.1"
"329","article_2_1_0_1_1.RDa","1","1","1","0.3","0","0","15","2","0.01","2","10000","1e+06","2","0.1"
"330","article_2_1_0_1_2.RDa","1","1","1","0.3","0","0","15","2","0.01","2","1e+05","1e+06","2","0.1"
"331","article_2_1_0_2_0.RDa","1","1","1","0.3","0","0","15","2","0.001","2","1000","1e+06","2","0.1"
"332","article_2_1_0_2_1.RDa","1","1","1","0.3","0","0","15","2","0.001","2","10000","1e+06","2","0.1"
"333","article_2_1_0_2_2.RDa","1","1","1","0.3","0","0","15","2","0.001","2","1e+05","1e+06","2","0.1"
"334","article_2_1_1_0_0.RDa","1","1","1","0.3","0.1","0.1","15","2","0.1","2","1000","1e+06","2","0.1"
"335","article_2_1_1_0_1.RDa","1","1","1","0.3","0.1","0.1","15","2","0.1","2","10000","1e+06","2","0.1"
"336","article_2_1_1_0_2.RDa","1","1","1","0.3","0.1","0.1","15","2","0.1","2","1e+05","1e+06","2","0.1"
"337","article_2_1_1_1_0.RDa","1","1","1","0.3","0.1","0.1","15","2","0.01","2","1000","1e+06","2","0.1"
"338","article_2_1_1_1_1.RDa","1","1","1","0.3","0.1","0.1","15","2","0.01","2","10000","1e+06","2","0.1"
"339","article_2_1_1_1_2.RDa","1","1","1","0.3","0.1","0.1","15","2","0.01","2","1e+05","1e+06","2","0.1"
"340","article_2_1_1_2_0.RDa","1","1","1","0.3","0.1","0.1","15","2","0.001","2","1000","1e+06","2","0.1"
"341","article_2_1_1_2_1.RDa","1","1","1","0.3","0.1","0.1","15","2","0.001","2","10000","1e+06","2","0.1"
"342","article_2_1_1_2_2.RDa","1","1","1","0.3","0.1","0.1","15","2","0.001","2","1e+05","1e+06","2","0.1"
"343","article_2_1_2_0_0.RDa","1","1","1","0.3","0.2","0.2","15","2","0.1","2","1000","1e+06","2","0.1"
"344","article_2_1_2_0_1.RDa","1","1","1","0.3","0.2","0.2","15","2","0.1","2","10000","1e+06","2","0.1"
"345","article_2_1_2_0_2.RDa","1","1","1","0.3","0.2","0.2","15","2","0.1","2","1e+05","1e+06","2","0.1"
"346","article_2_1_2_1_0.RDa","1","1","1","0.3","0.2","0.2","15","2","0.01","2","1000","1e+06","2","0.1"
"347","article_2_1_2_1_1.RDa","1","1","1","0.3","0.2","0.2","15","2","0.01","2","10000","1e+06","2","0.1"
"348","article_2_1_2_1_2.RDa","1","1","1","0.3","0.2","0.2","15","2","0.01","2","1e+05","1e+06","2","0.1"
"349","article_2_1_2_2_0.RDa","1","1","1","0.3","0.2","0.2","15","2","0.001","2","1000","1e+06","2","0.1"
"350","article_2_1_2_2_1.RDa","1","1","1","0.3","0.2","0.2","15","2","0.001","2","10000","1e+06","2","0.1"
"351","article_2_1_2_2_2.RDa","1","1","1","0.3","0.2","0.2","15","2","0.001","2","1e+05","1e+06","2","0.1"
"352","article_2_1_3_0_0.RDa","1","1","1","0.3","0.4","0.4","15","2","0.1","2","1000","1e+06","2","0.1"
"353","article_2_1_3_0_1.RDa","1","1","1","0.3","0.4","0.4","15","2","0.1","2","10000","1e+06","2","0.1"
"354","article_2_1_3_0_2.RDa","1","1","1","0.3","0.4","0.4","15","2","0.1","2","1e+05","1e+06","2","0.1"
"355","article_2_1_3_1_0.RDa","1","1","1","0.3","0.4","0.4","15","2","0.01","2","1000","1e+06","2","0.1"
"356","article_2_1_3_1_1.RDa","1","1","1","0.3","0.4","0.4","15","2","0.01","2","10000","1e+06","2","0.1"
"357","article_2_1_3_1_2.RDa","1","1","1","0.3","0.4","0.4","15","2","0.01","2","1e+05","1e+06","2","0.1"
"358","article_2_1_3_2_0.RDa","1","1","1","0.3","0.4","0.4","15","2","0.001","2","1000","1e+06","2","0.1"
"359","article_2_1_3_2_1.RDa","1","1","1","0.3","0.4","0.4","15","2","0.001","2","10000","1e+06","2","0.1"
"360","article_2_1_3_2_2.RDa","1","1","1","0.3","0.4","0.4","15","2","0.001","2","1e+05","1e+06","2","0.1"
"361","article_2_2_0_0_0.RDa","1","1","1","1","0","0","15","2","0.1","2","1000","1e+06","2","0.1"
"362","article_2_2_0_0_1.RDa","1","1","1","1","0","0","15","2","0.1","2","10000","1e+06","2","0.1"
"363","article_2_2_0_0_2.RDa","1","1","1","1","0","0","15","2","0.1","2","1e+05","1e+06","2","0.1"
"364","article_2_2_0_1_0.RDa","1","1","1","1","0","0","15","2","0.01","2","1000","1e+06","2","0.1"
"365","article_2_2_0_1_1.RDa","1","1","1","1","0","0","15","2","0.01","2","10000","1e+06","2","0.1"
"366","article_2_2_0_1_2.RDa","1","1","1","1","0","0","15","2","0.01","2","1e+05","1e+06","2","0.1"
"367","article_2_2_0_2_0.RDa","1","1","1","1","0","0","15","2","0.001","2","1000","1e+06","2","0.1"
"368","article_2_2_0_2_1.RDa","1","1","1","1","0","0","15","2","0.001","2","10000","1e+06","2","0.1"
"369","article_2_2_0_2_2.RDa","1","1","1","1","0","0","15","2","0.001","2","1e+05","1e+06","2","0.1"
"370","article_2_2_1_0_0.RDa","1","1","1","1","0.1","0.1","15","2","0.1","2","1000","1e+06","2","0.1"
"371","article_2_2_1_0_1.RDa","1","1","1","1","0.1","0.1","15","2","0.1","2","10000","1e+06","2","0.1"
"372","article_2_2_1_0_2.RDa","1","1","1","1","0.1","0.1","15","2","0.1","2","1e+05","1e+06","2","0.1"
"373","article_2_2_1_1_0.RDa","1","1","1","1","0.1","0.1","15","2","0.01","2","1000","1e+06","2","0.1"
"374","article_2_2_1_1_1.RDa","1","1","1","1","0.1","0.1","15","2","0.01","2","10000","1e+06","2","0.1"
"375","article_2_2_1_1_2.RDa","1","1","1","1","0.1","0.1","15","2","0.01","2","1e+05","1e+06","2","0.1"
"376","article_2_2_1_2_0.RDa","1","1","1","1","0.1","0.1","15","2","0.001","2","1000","1e+06","2","0.1"
"377","article_2_2_1_2_1.RDa","1","1","1","1","0.1","0.1","15","2","0.001","2","10000","1e+06","2","0.1"
"378","article_2_2_1_2_2.RDa","1","1","1","1","0.1","0.1","15","2","0.001","2","1e+05","1e+06","2","0.1"
"379","article_2_2_2_0_0.RDa","1","1","1","1","0.2","0.2","15","2","0.1","2","1000","1e+06","2","0.1"
"380","article_2_2_2_0_1.RDa","1","1","1","1","0.2","0.2","15","2","0.1","2","10000","1e+06","2","0.1"
"381","article_2_2_2_0_2.RDa","1","1","1","1","0.2","0.2","15","2","0.1","2","1e+05","1e+06","2","0.1"
"382","article_2_2_2_1_0.RDa","1","1","1","1","0.2","0.2","15","2","0.01","2","1000","1e+06","2","0.1"
"383","article_2_2_2_1_1.RDa","1","1","1","1","0.2","0.2","15","2","0.01","2","10000","1e+06","2","0.1"
"384","article_2_2_2_1_2.RDa","1","1","1","1","0.2","0.2","15","2","0.01","2","1e+05","1e+06","2","0.1"
"385","article_2_2_2_2_0.RDa","1","1","1","1","0.2","0.2","15","2","0.001","2","1000","1e+06","2","0.1"
"386","article_2_2_2_2_1.RDa","1","1","1","1","0.2","0.2","15","2","0.001","2","10000","1e+06","2","0.1"
"387","article_2_2_2_2_2.RDa","1","1","1","1","0.2","0.2","15","2","0.001","2","1e+05","1e+06","2","0.1"
"388","article_2_2_3_0_0.RDa","1","1","1","1","0.4","0.4","15","2","0.1","2","1000","1e+06","2","0.1"
"389","article_2_2_3_0_1.RDa","1","1","1","1","0.4","0.4","15","2","0.1","2","10000","1e+06","2","0.1"
"390","article_2_2_3_0_2.RDa","1","1","1","1","0.4","0.4","15","2","0.1","2","1e+05","1e+06","2","0.1"
"391","article_2_2_3_1_0.RDa","1","1","1","1","0.4","0.4","15","2","0.01","2","1000","1e+06","2","0.1"
"392","article_2_2_3_1_1.RDa","1","1","1","1","0.4","0.4","15","2","0.01","2","10000","1e+06","2","0.1"
"393","article_2_2_3_1_2.RDa","1","1","1","1","0.4","0.4","15","2","0.01","2","1e+05","1e+06","2","0.1"
"394","article_2_2_3_2_0.RDa","1","1","1","1","0.4","0.4","15","2","0.001","2","1000","1e+06","2","0.1"
"395","article_2_2_3_2_1.RDa","1","1","1","1","0.4","0.4","15","2","0.001","2","10000","1e+06","2","0.1"
"396","article_2_2_3_2_2.RDa","1","1","1","1","0.4","0.4","15","2","0.001","2","1e+05","1e+06","2","0.1"
"397","article_2_3_0_0_0.RDa","1","1","1","1e+06","0","0","15","2","0.1","2","1000","1e+06","2","0.1"
"398","article_2_3_0_0_1.RDa","1","1","1","1e+06","0","0","15","2","0.1","2","10000","1e+06","2","0.1"
"399","article_2_3_0_0_2.RDa","1","1","1","1e+06","0","0","15","2","0.1","2","1e+05","1e+06","2","0.1"
"400","article_2_3_0_1_0.RDa","1","1","1","1e+06","0","0","15","2","0.01","2","1000","1e+06","2","0.1"
"401","article_2_3_0_1_1.RDa","1","1","1","1e+06","0","0","15","2","0.01","2","10000","1e+06","2","0.1"
"402","article_2_3_0_1_2.RDa","1","1","1","1e+06","0","0","15","2","0.01","2","1e+05","1e+06","2","0.1"
"403","article_2_3_0_2_0.RDa","1","1","1","1e+06","0","0","15","2","0.001","2","1000","1e+06","2","0.1"
"404","article_2_3_0_2_1.RDa","1","1","1","1e+06","0","0","15","2","0.001","2","10000","1e+06","2","0.1"
"405","article_2_3_0_2_2.RDa","1","1","1","1e+06","0","0","15","2","0.001","2","1e+05","1e+06","2","0.1"
"406","article_2_3_1_0_0.RDa","1","1","1","1e+06","0.1","0.1","15","2","0.1","2","1000","1e+06","2","0.1"
"407","article_2_3_1_0_1.RDa","1","1","1","1e+06","0.1","0.1","15","2","0.1","2","10000","1e+06","2","0.1"
"408","article_2_3_1_0_2.RDa","1","1","1","1e+06","0.1","0.1","15","2","0.1","2","1e+05","1e+06","2","0.1"
"409","article_2_3_1_1_0.RDa","1","1","1","1e+06","0.1","0.1","15","2","0.01","2","1000","1e+06","2","0.1"
"410","article_2_3_1_1_1.RDa","1","1","1","1e+06","0.1","0.1","15","2","0.01","2","10000","1e+06","2","0.1"
"411","article_2_3_1_1_2.RDa","1","1","1","1e+06","0.1","0.1","15","2","0.01","2","1e+05","1e+06","2","0.1"
"412","article_2_3_1_2_0.RDa","1","1","1","1e+06","0.1","0.1","15","2","0.001","2","1000","1e+06","2","0.1"
"413","article_2_3_1_2_1.RDa","1","1","1","1e+06","0.1","0.1","15","2","0.001","2","10000","1e+06","2","0.1"
"414","article_2_3_1_2_2.RDa","1","1","1","1e+06","0.1","0.1","15","2","0.001","2","1e+05","1e+06","2","0.1"
"415","article_2_3_2_0_0.RDa","1","1","1","1e+06","0.2","0.2","15","2","0.1","2","1000","1e+06","2","0.1"
"416","article_2_3_2_0_1.RDa","1","1","1","1e+06","0.2","0.2","15","2","0.1","2","10000","1e+06","2","0.1"
"417","article_2_3_2_0_2.RDa","1","1","1","1e+06","0.2","0.2","15","2","0.1","2","1e+05","1e+06","2","0.1"
"418","article_2_3_2_1_0.RDa","1","1","1","1e+06","0.2","0.2","15","2","0.01","2","1000","1e+06","2","0.1"
"419","article_2_3_2_1_1.RDa","1","1","1","1e+06","0.2","0.2","15","2","0.01","2","10000","1e+06","2","0.1"
"420","article_2_3_2_1_2.RDa","1","1","1","1e+06","0.2","0.2","15","2","0.01","2","1e+05","1e+06","2","0.1"
"421","article_2_3_2_2_0.RDa","1","1","1","1e+06","0.2","0.2","15","2","0.001","2","1000","1e+06","2","0.1"
"422","article_2_3_2_2_1.RDa","1","1","1","1e+06","0.2","0.2","15","2","0.001","2","10000","1e+06","2","0.1"
"423","article_2_3_2_2_2.RDa","1","1","1","1e+06","0.2","0.2","15","2","0.001","2","1e+05","1e+06","2","0.1"
"424","article_2_3_3_0_0.RDa","1","1","1","1e+06","0.4","0.4","15","2","0.1","2","1000","1e+06","2","0.1"
"425","article_2_3_3_0_1.RDa","1","1","1","1e+06","0.4","0.4","15","2","0.1","2","10000","1e+06","2","0.1"
"426","article_2_3_3_0_2.RDa","1","1","1","1e+06","0.4","0.4","15","2","0.1","2","1e+05","1e+06","2","0.1"
"427","article_2_3_3_1_0.RDa","1","1","1","1e+06","0.4","0.4","15","2","0.01","2","1000","1e+06","2","0.1"
"428","article_2_3_3_1_1.RDa","1","1","1","1e+06","0.4","0.4","15","2","0.01","2","10000","1e+06","2","0.1"
"429","article_2_3_3_1_2.RDa","1","1","1","1e+06","0.4","0.4","15","2","0.01","2","1e+05","1e+06","2","0.1"
"430","article_2_3_3_2_0.RDa","1","1","1","1e+06","0.4","0.4","15","2","0.001","2","1000","1e+06","2","0.1"
"431","article_2_3_3_2_1.RDa","1","1","1","1e+06","0.4","0.4","15","2","0.001","2","10000","1e+06","2","0.1"
"432","article_2_3_3_2_2.RDa","1","1","1","1e+06","0.4","0.4","15","2","0.001","2","1e+05","1e+06","2","0.1"
"433","example_1.RDa","1","0.5","0.5","1e+06","0.1","0.1","5","1","0.01","1","1000","1e+06","1","0.1"
"434","example_2.RDa","1","0.5","0.5","0.1","0.1","0.1","5","1","0.01","1","1000","1e+06","1","0.1"
"435","example_3.RDa","1","0.5","0.5","1e+06","0.1","0.1","5","2","0.01","2","1000","1e+06","2","0.1"
"436","example_4.RDa","1","0.5","0.5","0.1","0.1","0.1","5","2","0.01","2","1000","1e+06","2","0.1"
"437","toy_example_1.RDa","1","0.5","0.5","1e+06","0.1","0.1","5","1","0.01","1","1000","10000","1","0.1"
"438","toy_example_2.RDa","1","0.5","0.5","0.1","0.1","0.1","5","1","0.01","1","1000","10000","1","0.1"
"439","toy_example_3.RDa","1","0.5","0.5","1e+06","0.1","0.1","5","2","0.01","2","1000","10000","2","0.1"
"440","toy_example_4.RDa","1","0.5","0.5","0.1","0.1","0.1","5","2","0.01","2","1000","10000","2","0.1"
